발생년,발생년월일,주야,요일,사망자수,사상자수,중상자수,경상자수,부상신고자,발생지시도,발생지시군,사고유형_,사고유형__1,사고유형,법규위반,도로형태_,도로형태,가해자_당,피해자_당,발생위치X_,발생위치Y_,경도,위도,field_1,관리기관명,소재지도로,소재지지번,설치목적구,카메라대수,카메라화소,촬영방면정,보관일수,설치년월,관리기관전,위도_2,경도_2,데이터기준,제공기관코,제공기관명,시설종류,대상시설명,소재지도_1,소재지지_1,위도_2_2,경도_2_2,관리기관_1,관할경찰서,CCTV설치여,CCTV설치대,보호구역도,데이터기_1,제공기관_1,제공기관_2,옐로카펫_,보호구역_
"2019","2019092705",야,금,"1","0","0","0","0",서울,서초구,차대사람,횡단중,횡단중,안전운전 의무 불이행,단일로,기타단일로,승용차,보행자,954663.000000000000000,1941945.000000000000000,126.987248899999997,37.475620220000003,"40748",서울특별시_서초구,서울특별시 서초구 남부순환로287길 7,서울특별시 서초구 방배3동 479-11,생활방범,"1",200.000000000000000,120도,30.000000000000000,"201908",02-2155-6098,37.476089080000001,126.987218299999995,2019/05/29,"3210000",서울특별시 서초구,초등학교,방현초등학교,서울특별시 서초구 효령로4길 58,서울특별시 서초구 방배3동 산81-1,37.476371800000003,126.990137599999997,서울시 서초구,방배경찰서,Y,1.000000000000000,"4",2019/06/03,"3210000",서울특별시 서초구,"0","96"
"2019","2019022406",주,일,"1","0","0","0","0",서울,구로구,차량단독,공작물충돌,공작물충돌,기타,단일로,기타단일로,승용차,없음,941822.000000000000000,1945176.000000000000000,126.841772399999996,37.504022050000003,"14217",서울특별시 양천구청,서울특별시 양천구 남부순환로 698,서울특별시 양천구 신정동 739-13 공원안쪽,생활방범,"1",200.000000000000000,120도,30.000000000000000,"201512",02-2620-4793,37.506923000000000,126.843572999999992,2019/11/20,"3140000",서울특별시 양천구,유치원,매봉초병설유치원,서울특별시 구로구 고척로21길 55,,37.504916770000001,126.844374999999999,서울특별시 구로구청,구로경찰서,Y,,,2019/10/28,"3160000",서울특별시 구로구,"0","95"
"2019","2019012303",야,수,"1","0","0","0","0",서울,종로구,차대사람,기타,기타,안전운전 의무 불이행,단일로,기타단일로,화물차,보행자,955745.000000000000000,1954622.000000000000000,126.998721399999994,37.589933920000000,"29702",서울특별시 종로구청,서울특별시 종로구 혜화로3길 20,"서울특별시 종로구 명륜1가 49, 건물 앞 전신주",생활방범,"2",200.000000000000000,360도전방면,30.000000000000000,"201806",02-2148-4301,37.586383399999995,126.999250200000006,2019/09/18,"3000000",서울특별시 종로구,초등학교,혜화초등학교,서울특별시 종로구 혜화로 32,서울특별시 종로구 명륜동1가 1-27,37.588813700000003,127.000024900000014,종로구청,혜화경찰서,Y,2.000000000000000,"15",2019/01/14,"3000000",서울특별시 종로구,2017-04-14,"97"
"2019","2019050712",주,화,"1","0","0","0","0",서울,종로구,차대차,기타,기타,안전운전 의무 불이행,단일로,기타단일로,자전거,화물차,953021.000000000000000,1952966.000000000000000,126.967973999999998,37.574873080000003,"29706",서울특별시 종로구청,서울특별시 종로구 필운대로1길 7-6,서울특별시 종로구 필운동 32-2,생활방범,"2",200.000000000000000,360도전방면,30.000000000000000,"201312",02-2148-4301,37.577159500000000,126.968682000000001,2019/09/18,"3000000",서울특별시 종로구,유치원,세종유치원,서울특별시 종로구 사직로8길 9,서울특별시 종로구 필운동 278-4,37.575476999999999,126.969952000000006,종로구청,종로경찰서,Y,1.000000000000000,"25",2019/01/14,"3000000",서울특별시 종로구,"0","9"
"2019","2019050712",주,화,"1","0","0","0","0",서울,종로구,차대차,기타,기타,안전운전 의무 불이행,단일로,기타단일로,자전거,화물차,953021.000000000000000,1952966.000000000000000,126.967973999999998,37.574873080000003,"29713",서울특별시 종로구청,서울특별시 종로구 인왕산로1길 29,"서울특별시 종로구 사직동 304-36, 세븐일레븐 맞은편",생활방범,"2",200.000000000000000,360도전방면,30.000000000000000,"201312",02-2148-4301,37.573532299999997,126.964097400000014,2019/09/18,"3000000",서울특별시 종로구,특수학교,수도사랑의학교,서울특별시 종로구 사직로7길17,서울특별시 종로구 사직동 262-57,37.574721000000004,126.965216999999996,종로구청,종로경찰서,Y,1.000000000000000,"12",2019/01/14,"3000000",서울특별시 종로구,"0","6"
"2019","2019050712",주,화,"1","0","0","0","0",서울,종로구,차대차,기타,기타,안전운전 의무 불이행,단일로,기타단일로,자전거,화물차,953021.000000000000000,1952966.000000000000000,126.967973999999998,37.574873080000003,"29705",서울특별시 종로구청,서울특별시 종로구 필운대로1길 32,"서울특별시 종로구 필운동 44, 배화여고 정문 앞",생활방범,"2",200.000000000000000,360도전방면,30.000000000000000,"201312",02-2148-4301,37.577838100000001,126.967776000000001,2019/09/18,"3000000",서울특별시 종로구,초등학교,매동초등학교,서울특별시 종로구 사직로9길19,서울특별시 종로구 필운동 32,37.577234499999996,126.966850399999998,종로구청,종로경찰서,Y,3.000000000000000,6~12,2019/01/14,"3000000",서울특별시 종로구,"0","97"
"2019","2019120718",야,토,"1","0","0","0","0",서울,노원구,차대차,추돌,추돌,신호위반,교차로,교차로내,승용차,이륜차,962122.000000000000000,1960732.000000000000000,127.070635400000000,37.645289439999999,"14787",서울특별시 노원구청,서울특별시 노원구 노원로16길82 서라벌고후문,서울특별시 노원구 하계1동 256-27 (서라벌고등학교 후문) (근린공원 삼거리),생활방범,"1",200.000000000000000,회전,30.000000000000000,"200811",02-2116-4917,37.644585200000002,127.074968500000011,2019/04/08,"3100000",서울특별시 노원구,특수학교,동천학교,서울특별시 노원구 노원로18길 41,서울특별시 노원구 하계1동 288-1,37.644513979999999,127.072925300000009,노원구청,노원경찰서,Y,2.000000000000000,"20",2020/07/14,"3100000",서울특별시 노원구,"0","97"
"2019","2019120718",야,토,"1","0","0","0","0",서울,노원구,차대차,추돌,추돌,신호위반,교차로,교차로내,승용차,이륜차,962122.000000000000000,1960732.000000000000000,127.070635400000000,37.645289439999999,"14583",서울특별시 노원구청,서울특별시 노원구 노원로 331 백합어린이공원,서울특별시 노원구 중계동 514-4 (백합어린이공원),시설물관리,"1",200.000000000000000,회전,30.000000000000000,"201509",02-2116-3952,37.648126820000002,127.069657000000007,2019/04/08,"3100000",서울특별시 노원구,어린이집,꿈동산어린이집,서울특별시 노원구 노원로22길 34,서울특별시 노원구 중계1동361-1,37.647350979999999,127.071772200000012,노원구청,노원경찰서,Y,1.000000000000000,"12",2020/07/14,"3100000",서울특별시 노원구,"0","10"
"2019","2019010312",주,목,"1","1","0","1","0",서울,노원구,차대사람,기타,기타,안전운전 의무 불이행,단일로,기타단일로,화물차,보행자,962122.000000000000000,1962574.000000000000000,127.070539800000006,37.661891709999999,"14603",서울특별시 노원구청,서울특별시 노원구 한글비석로44길23-8,서울특별시 노원구 상계동 149-6,생활방범,"1",200.000000000000000,회전,30.000000000000000,"201603",02-2116-4917,37.663887840000001,127.069318699999997,2019/04/08,"3100000",서울특별시 노원구,초등학교,계상초교,서울특별시 노원구 한글비석로41가길 24,서울특별시 노원구 상계5동 447-1,37.662197409999997,127.068676599999989,노원구청,노원경찰서,Y,2.000000000000000,8~19,2020/07/14,"3100000",서울특별시 노원구,"0","2"
"2019","2019040720",야,일,"1","0","0","0","0",서울,양천구,차대차,측면충돌,측면충돌,신호위반,단일로,기타단일로,승합차,이륜차,940154.000000000000000,1949090.000000000000000,126.822582900000000,37.539192280000002,"12972",서울특별시 양천구청,서울특별시 양천구 남부순환로30길 3,서울특별시 양천구 신월동 44-1,어린이보호,"3",200.000000000000000,360도 전방,30.000000000000000,"201012",02-2620-4793,37.538648999999999,126.825624000000005,2019/11/20,"3140000",서울특별시 양천구,초등학교,양원초교,서울특별시 양천구 화곡로 16,서울특별시 양천구 신월3동 40-1,37.538216700000000,126.823105599999991,서울특별시 양천구청,양천경찰서,Y,5.000000000000000,"6",2020/06/01,"3140000",서울특별시 양천구,"0","96"
"2019","2019050401",야,토,"1","2","0","2","0",서울,양천구,차대차,추돌,추돌,과속,교차로,교차로부근,승용차,화물차,941066.000000000000000,1946411.000000000000000,126.833120500000007,37.515105190000000,"12980",서울특별시 양천구청,서울특별시 양천구 신월로 97,서울특별시 양천구 신월동 987-3,어린이보호,"4",200.000000000000000,360도 전방,30.000000000000000,"201012",02-2620-4793,37.515960000000000,126.834162000000006,2019/11/20,"3140000",서울특별시 양천구,초등학교,강월초교,서울특별시 양천구 신월로 97,서울특별시 양천구 신월7동 987-3,37.516340999999997,126.833432500000001,서울특별시 양천구청,양천경찰서,Y,5.000000000000000,"8",2020/06/01,"3140000",서울특별시 양천구,"0","97"
"2019","2019061422",야,금,"1","0","0","0","0",서울,구로구,차대사람,횡단중,횡단중,신호위반,교차로,교차로내,승용차,보행자,943267.000000000000000,1945810.000000000000000,126.858071300000006,37.509826310000001,"14089",서울특별시 양천구청,서울특별시 양천구 목동동로2길 68,서울특별시 양천구 신정동 봉영여중 정문 건너편,생활방범,"3",200.000000000000000,360도 전방,30.000000000000000,"201012",02-2620-4793,37.509081999999999,126.860747000000003,2019/11/20,"3140000",서울특별시 양천구,초등학교,계남초교,서울특별시 양천구 목동동로2길 54,서울특별시 양천구 신정7동 325-7,37.510169380000001,126.860016800000011,서울특별시 양천구청,양천경찰서,Y,5.000000000000000,"7",2020/06/01,"3140000",서울특별시 양천구,"0","97"
"2019","2019080810",주,목,"1","0","0","0","0",서울,양천구,차대사람,횡단중,횡단중,보행자 보호의무 위반,단일로,기타단일로,승용차,보행자,944496.000000000000000,1946466.000000000000000,126.871926999999999,37.515813659999999,"12998",서울특별시 양천구청,서울특별시 양천구 목동동로8길 33,"서울특별시 양천구 신정동 282-58, 어린이집 앞",어린이보호,"3",200.000000000000000,360도 전방,30.000000000000000,"201012",02-2620-4793,37.515956000000003,126.871853999999999,2019/11/20,"3140000",서울특별시 양천구,초등학교,신목초교,서울특별시 양천구 신목로5길 11-6,서울특별시 양천구 신정2동 281-1,37.516609629999998,126.872684599999999,서울특별시 양천구청,양천경찰서,Y,6.000000000000000,"6",2020/06/01,"3140000",서울특별시 양천구,"0","97"
"2019","2019040116",주,월,"1","0","0","0","0",서울,양천구,차대사람,횡단중,횡단중,신호위반,교차로,교차로횡단보도내,자전거,보행자,943060.000000000000000,1946808.000000000000000,126.855651899999998,37.518808610000001,"14213",서울특별시 양천구청,서울특별시 양천구 중앙로32길 17,서울특별시 양천구 신정동 311-11,생활방범,"1",200.000000000000000,120도,30.000000000000000,"201512",02-2620-4793,37.518895000000001,126.855634000000023,2019/11/20,"3140000",서울특별시 양천구,초등학교,양명초교,서울특별시 양천구 중앙로 204,서울특별시 양천구 신정1동 543,37.516375040000000,126.856634400000004,서울특별시 양천구청,양천경찰서,Y,3.000000000000000,"7",2020/06/01,"3140000",서울특별시 양천구,"0","97"
"2019","2019060521",야,수,"1","0","0","0","0",서울,양천구,차대사람,차도통행중,차도통행중,보행자 보호의무 위반,교차로,교차로내,승합차,보행자,943355.000000000000000,1946352.000000000000000,126.859025200000005,37.514716810000003,"14213",서울특별시 양천구청,서울특별시 양천구 중앙로32길 17,서울특별시 양천구 신정동 311-11,생활방범,"1",200.000000000000000,120도,30.000000000000000,"201512",02-2620-4793,37.518895000000001,126.855634000000023,2019/11/20,"3140000",서울특별시 양천구,초등학교,양명초교,서울특별시 양천구 중앙로 204,서울특별시 양천구 신정1동 543,37.516375040000000,126.856634400000004,서울특별시 양천구청,양천경찰서,Y,3.000000000000000,"7",2020/06/01,"3140000",서울특별시 양천구,"0","97"
"2019","2019050401",야,토,"1","2","0","2","0",서울,양천구,차대차,추돌,추돌,과속,교차로,교차로부근,승용차,화물차,941066.000000000000000,1946411.000000000000000,126.833120500000007,37.515105190000000,"12970",서울특별시 양천구청,서울특별시 양천구 신정이펜2로 14,서울특별시 양천구 신정동 1320,어린이보호,"4",130.000000000000000,360도 전방,30.000000000000000,"201212",02-2620-4793,37.512490999999997,126.832437000000013,2019/11/20,"3140000",서울특별시 양천구,초등학교,신은초교,서울특별시 양천구 신정이펜2로 30,서울특별시 양천구 신정3동781-14,37.513992100000003,126.832171099999982,서울특별시 양천구청,양천경찰서,Y,6.000000000000000,"7",2020/06/01,"3140000",서울특별시 양천구,"0","11"
"2019","2019121612",주,월,"1","0","0","0","0",서울,강서구,차대차,기타,기타,신호위반,교차로,교차로부근,이륜차,승합차,944403.000000000000000,1950020.000000000000000,126.870605600000005,37.547840520000001,"13006",서울특별시 양천구청,서울특별시 양천구 목동중앙북로7가길 30,서울특별시 양천구 목동 608-8,생활방범,"3",200.000000000000000,360도 전방,30.000000000000000,"201012",02-2620-4793,37.549211000000000,126.865929000000008,2019/11/20,"3140000",서울특별시 양천구,유치원,동연유치원,서울특별시 양천구 목동중앙북로7길 22,서울특별시 양천구 목3동 602-16,37.548809000000006,126.867707499999995,서울특별시 양천구청,양천경찰서,Y,3.000000000000000,"6",2020/06/01,"3140000",서울특별시 양천구,"0","97"
"2019","2019092502",야,수,"1","0","0","0","0",서울,양천구,차대사람,횡단중,횡단중,안전운전 의무 불이행,교차로,교차로부근,승용차,보행자,945290.000000000000000,1948671.000000000000000,126.880747000000000,37.535734980000001,"13195",서울특별시 양천구청,"서울특별시 양천구 목동동로 393, 부영1차-벽산 평화의거리",서울특별시 양천구 목동 907-12,생활방범,"3",200.000000000000000,120도,30.000000000000000,"201812",02-2620-4793,37.535750000000000,126.879949999999994,2019/11/20,"3140000",서울특별시 양천구,유치원,원일유치원,서울특별시 양천구 목동동로 350,서울특별시 양천구 목5동 912,37.535158230000000,126.881874500000009,서울특별시 양천구청,양천경찰서,Y,2.000000000000000,"6",2020/06/01,"3140000",서울특별시 양천구,"0","98"
"2019","2019121612",주,월,"1","0","0","0","0",서울,강서구,차대차,기타,기타,신호위반,교차로,교차로부근,이륜차,승합차,944403.000000000000000,1950020.000000000000000,126.870605600000005,37.547840520000001,"13081",서울특별시 양천구청,서울특별시 양천구 목동중앙본로27길 37,서울특별시 양천구 목동 553-21,생활방범,"4",200.000000000000000,360도 전방,30.000000000000000,"201412",02-2620-4793,37.544292999999996,126.868375000000000,2019/11/20,"3140000",서울특별시 양천구,유치원,신목유치원,서울특별시 양천구 목동중앙북로10길 7-10,서울특별시 양천구 목2동 504-12,37.546331000000002,126.870203000000004,서울특별시 양천구청,양천경찰서,Y,2.000000000000000,"6",2020/06/01,"3140000",서울특별시 양천구,"0","97"
"2019","2019040720",야,일,"1","0","0","0","0",서울,양천구,차대차,측면충돌,측면충돌,신호위반,단일로,기타단일로,승합차,이륜차,940154.000000000000000,1949090.000000000000000,126.822582900000000,37.539192280000002,"13225",서울특별시 양천구청,서울특별시 양천구 가로공원로 91,서울특별시 양천구 신월동 48-8,생활방범,"3",200.000000000000000,360도 전방,30.000000000000000,"201012",02-2620-4793,37.535724999999999,126.826008000000002,2019/11/20,"3140000",서울특별시 양천구,유치원,광영유치원,서울특별시 양천구 남부순환로30길 17,서울특별시 양천구 신월3동 43-2,37.537197020000001,126.823275400000000,서울특별시 양천구청,양천경찰서,Y,0.000000000000000,"6",2020/06/01,"3140000",서울특별시 양천구,"0","10"
"2019","2019013018",야,수,"1","0","0","0","0",서울,양천구,차대사람,차도통행중,차도통행중,안전운전 의무 불이행,단일로,기타단일로,화물차,보행자,941204.000000000000000,1948103.000000000000000,126.834546500000002,37.530364030000001,"13179",서울특별시 양천구청,서울특별시 양천구 곰달래로10길 9,서울특별시 양천구 신월동 229-3,생활방범,"5",200.000000000000000,360도 전방,30.000000000000000,"200812",02-2620-4793,37.529113000000002,126.836733000000024,2019/11/20,"3140000",서울특별시 양천구,어린이집,곰달래어린이집,서울특별시 양천구 남부순환로65길 2,서울특별시 양천구 신월1동 217-1,37.527704700000001,126.834014999999994,서울특별시 양천구청,양천경찰서,Y,2.000000000000000,"6",2020/06/01,"3140000",서울특별시 양천구,"0","8"
"2019","2019013018",야,수,"1","0","0","0","0",서울,양천구,차대사람,차도통행중,차도통행중,안전운전 의무 불이행,단일로,기타단일로,화물차,보행자,941204.000000000000000,1948103.000000000000000,126.834546500000002,37.530364030000001,"12993",서울특별시 양천구청,서울특별시 양천구 월정로19길 13,서울특별시 양천구 신월동 233-1,어린이보호,"5",200.000000000000000,360도 전방,30.000000000000000,"201012",02-2620-4793,37.528925999999998,126.837341999999992,2019/11/20,"3140000",서울특별시 양천구,어린이집,세진어린이집,서울특별시 양천구 곰달래로 28,서울특별시 양천구 신월1동 226-7,37.529701500000002,126.835746000000000,서울특별시 양천구청,양천경찰서,Y,3.000000000000000,"7",2020/06/01,"3140000",서울특별시 양천구,"0","8"
"2019","2019050401",야,토,"1","2","0","2","0",서울,양천구,차대차,추돌,추돌,과속,교차로,교차로부근,승용차,화물차,941066.000000000000000,1946411.000000000000000,126.833120500000007,37.515105190000000,"13169",서울특별시 양천구청,서울특별시 양천구 지양로3길 3,서울특별시 양천구 신월동 986-16,생활방범,"3",200.000000000000000,360도 전방,30.000000000000000,"200912",02-2620-4793,37.518615999999994,126.836652999999998,2019/11/20,"3140000",서울특별시 양천구,어린이집,양문어린이집,서울특별시 양천구 신월로 109,서울특별시 양천구 신월7동 982-21,37.516214200000007,126.835966999999997,서울특별시 양천구청,양천경찰서,Y,0.000000000000000,"20",2020/06/01,"3140000",서울특별시 양천구,"0","10"
"2019","2019040704",야,일,"1","0","0","0","0",서울,양천구,차량단독,공작물충돌,공작물충돌,안전운전 의무 불이행,단일로,기타단일로,화물차,없음,943307.000000000000000,1947948.000000000000000,126.858358899999999,37.529098720000000,"14057",서울특별시 양천구청,서울특별시 양천구 목동로25길 29-1,서울특별시 양천구 신정동 891-14,생활방범,"1",200.000000000000000,360도 전방,30.000000000000000,"200612",02-2620-4793,37.528170000000003,126.860687999999982,2019/11/20,"3140000",서울특별시 양천구,어린이집,으뜸어린이집,서울특별시 양천구 신정중앙로 911-6,서울특별시 양천구 신정4동 911-6,37.526814000000002,126.858315999999988,서울특별시 양천구청,양천경찰서,Y,1.000000000000000,"14",2020/06/01,"3140000",서울특별시 양천구,"0","10"
"2019","2019040116",주,월,"1","0","0","0","0",서울,양천구,차대사람,횡단중,횡단중,신호위반,교차로,교차로횡단보도내,자전거,보행자,943060.000000000000000,1946808.000000000000000,126.855651899999998,37.518808610000001,"14066",서울특별시 양천구청,서울특별시 양천구 중앙로36길 16-1,서울특별시 양천구 신정동 1049-1,생활방범,"4",200.000000000000000,360도 전방,30.000000000000000,"200612",02-2620-4793,37.519421000000001,126.855888999999991,2019/11/20,"3140000",서울특별시 양천구,어린이집,해바라기어린이집,서울특별시 양천구 목동동로1길 33,서울특별시 양천구 신정1동 310-11,37.517160629999999,126.856553000000005,서울특별시 양천구청,양천경찰서,Y,1.000000000000000,"7",2020/06/01,"3140000",서울특별시 양천구,"0","10"
"2019","2019040704",야,일,"1","0","0","0","0",서울,양천구,차량단독,공작물충돌,공작물충돌,안전운전 의무 불이행,단일로,기타단일로,화물차,없음,943307.000000000000000,1947948.000000000000000,126.858358899999999,37.529098720000000,"14093",서울특별시 양천구청,서울특별시 양천구 국회대로8길 12,서울특별시 양천구 신정동 894-22,생활방범,"3",200.000000000000000,360도 전방,30.000000000000000,"201012",02-2620-4793,37.528480000000002,126.861883000000006,2019/11/20,"3140000",서울특별시 양천구,어린이집,어깨동무어린이집,서울특별시 양천구 신정중앙로21길 38,서울특별시 양천구 신정4동 884-19,37.527431999999997,126.859115999999986,서울특별시 양천구청,양천경찰서,Y,3.000000000000000,"5",2020/06/01,"3140000",서울특별시 양천구,"0","11"
"2019","2019013018",야,수,"1","0","0","0","0",서울,양천구,차대사람,차도통행중,차도통행중,안전운전 의무 불이행,단일로,기타단일로,화물차,보행자,941204.000000000000000,1948103.000000000000000,126.834546500000002,37.530364030000001,"13206",서울특별시 양천구청,서울특별시 양천구 곰달래로5길 33,서울특별시 양천구 신월동 133-6,생활방범,"4",130.000000000000000,360도 전방,30.000000000000000,"201012",02-2620-4793,37.532371000000012,126.833095999999998,2019/11/20,"3140000",서울특별시 양천구,학원,리틀플래닛학원,서울특별시 양천구 곰달래로9길 12,서울특별시 양천구 신월1동 121-1,37.530900969999998,126.835840099999999,서울특별시 양천구청,양천경찰서,Y,2.000000000000000,"6",2020/06/01,"3140000",서울특별시 양천구,"0","0"
"2019","2019031319",야,수,"1","0","0","0","0",서울,성동구,차대사람,기타,기타,안전운전 의무 불이행,단일로,기타단일로,화물차,보행자,958555.000000000000000,1951579.000000000000000,127.030721600000007,37.562637490000000,"28834",서울특별시 성동구청,서울특별시 성동구 무학봉길 86,서울특별시 성동구 무학봉길 86,쓰레기단속,"1",200.000000000000000,하단부,30.000000000000000,"201807",02-2286-5879,37.561709999999998,127.031631000000004,2020/06/08,"3030000",서울특별시 성동구,어린이집,구립왕십리하나어린이집,서울특별시 성동구 무학봉16길 9-3,서울특별시 성동구 하왕십리동 976-13,37.560836999999999,127.032032099999995,서울특별시 성동구,성동경찰서,Y,1.000000000000000,"7",2020/06/17,"3030000",서울특별시 성동구,"0","10"
"2019","2019050113",주,수,"1","0","0","0","0",서울,성동구,차대사람,횡단중,횡단중,신호위반,교차로,교차로횡단보도내,승용차,보행자,960015.000000000000000,1951910.000000000000000,127.047234500000002,37.565685440000003,"38694",서울특별시 성동구청,서울특별시 성동구 마조로14가길 28 (마장동),서울특별시 성동구 마장동 361-2,쓰레기단속,"1",200.000000000000000,하단부,30.000000000000000,"201601",02-2286-5879,37.564551999999999,127.043815999999993,2020/06/08,"3030000",서울특별시 성동구,어린이집,마장어린이집,서울특별시 성동구 마장로44길 10,서울특별시 성동구 마장동 780,37.566426000000000,127.045579300000000,서울특별시 성동구,성동경찰서,Y,1.000000000000000,"24",2020/06/17,"3030000",서울특별시 성동구,"0","97"
"2019","2019011604",야,수,"1","0","0","0","0",서울,성동구,차량단독,기타,기타,안전운전 의무 불이행,교차로,교차로부근,승용차,없음,957987.000000000000000,1949576.000000000000000,127.024405099999996,37.544558170000002,"28827",서울특별시 성동구청,서울특별시 성동구 독서당로 285-1,서울특별시 성동구 독서당로 285-1,쓰레기단속,"3",200.000000000000000,360도 전방면,30.000000000000000,"201807",02-2286-5879,37.547909000000004,127.020949999999999,2020/06/08,"3030000",서울특별시 성동구,유치원,옥수병설유치원,서울특별시 성동구 금호로1길 25,서울특별시 성동구 금호동4가 440-12,37.545529930000001,127.021871200000007,서울특별시 성동구,성동경찰서,Y,1.000000000000000,4~13,2020/06/17,"3030000",서울특별시 성동구,"0","97"
"2019","2019031319",야,수,"1","0","0","0","0",서울,성동구,차대사람,기타,기타,안전운전 의무 불이행,단일로,기타단일로,화물차,보행자,958555.000000000000000,1951579.000000000000000,127.030721600000007,37.562637490000000,"38708",서울특별시 성동구청,서울특별시 성동구 무학봉11가길 5-34,서울특별시 성동구 하왕십리동 991-44,쓰레기단속,"1",300.000000000000000,하단부,30.000000000000000,"201409",02-2286-5879,37.561584000000003,127.028625000000005,2020/06/08,"3030000",서울특별시 성동구,유치원,무학유치원,서울특별시 성동구 무학봉15가길 4,서울특별시 성동구 하왕십리동 986-95,37.561470499999999,127.030654699999999,서울특별시 성동구,성동경찰서,Y,1.000000000000000,"4",2020/06/17,"3030000",서울특별시 성동구,"0","97"
"2019","2019030423",야,월,"1","0","0","0","0",서울,광진구,차대사람,횡단중,횡단중,보행자 보호의무 위반,교차로,교차로횡단보도내,화물차,보행자,961464.000000000000000,1949282.000000000000000,127.063779699999998,37.542060210000002,"38724",서울특별시 성동구청,서울특별시 성동구 아차산로17길 26,서울특별시 성동구 성수동2가 279-46,교통단속,"4",200.000000000000000,360도 전방면,30.000000000000000,"201311",02-2286-5879,37.544497999999997,127.064368999999999,2020/06/08,"3030000",서울특별시 성동구,초등학교,성수초등학교,서울특별시 성동구 아차산로17길 21,서울특별시 성동구 성수동2가 277-32,37.544314929999999,127.063157299999986,서울특별시 성동구,성동경찰서,Y,3.000000000000000,5~8,2020/06/17,"3030000",서울특별시 성동구,2018-04-26,"96"
"2019","2019042001",야,토,"1","0","0","0","0",서울,성동구,차량단독,공작물충돌,공작물충돌,안전운전 의무 불이행,단일로,기타단일로,이륜차,없음,961379.000000000000000,1949340.000000000000000,127.062814500000002,37.542579430000004,"38724",서울특별시 성동구청,서울특별시 성동구 아차산로17길 26,서울특별시 성동구 성수동2가 279-46,교통단속,"4",200.000000000000000,360도 전방면,30.000000000000000,"201311",02-2286-5879,37.544497999999997,127.064368999999999,2020/06/08,"3030000",서울특별시 성동구,초등학교,성수초등학교,서울특별시 성동구 아차산로17길 21,서울특별시 성동구 성수동2가 277-32,37.544314929999999,127.063157299999986,서울특별시 성동구,성동경찰서,Y,3.000000000000000,5~8,2020/06/17,"3030000",서울특별시 성동구,2018-04-26,"96"
"2019","2019061410",주,금,"1","0","0","0","0",서울,성동구,차대사람,보도통행중,보도통행중,신호위반,교차로,교차로횡단보도내,이륜차,보행자,957942.000000000000000,1951153.000000000000000,127.023805300000006,37.558770050000000,"38721",서울특별시 성동구청,서울특별시 성동구 난계로 67,서울특별시 성동구 금호동1가 130-37,교통단속,"3",200.000000000000000,360도 전방면,30.000000000000000,"201805",02-2286-5879,37.557831000000000,127.023292999999995,2020/06/08,"3030000",서울특별시 성동구,초등학교,금북초등학교,서울특별시 성동구 행당로1길 13,서울특별시 성동구 금호동1가 48-2,37.557465000000001,127.023576000000006,서울특별시 성동구,성동경찰서,Y,6.000000000000000,5~20,2020/06/17,"3030000",서울특별시 성동구,2017-12-12,"96"
"2019","2019031319",야,수,"1","0","0","0","0",서울,성동구,차대사람,기타,기타,안전운전 의무 불이행,단일로,기타단일로,화물차,보행자,958555.000000000000000,1951579.000000000000000,127.030721600000007,37.562637490000000,"33983",서울특별시 성동구청,서울특별시 성동구 왕십리로 379,서울특별시 성동구 하왕십리동 890-81,쓰레기단속,"1",300.000000000000000,하단부,30.000000000000000,"201409",02-2286-5879,37.564621000000002,127.028144999999995,2020/06/08,"3030000",서울특별시 성동구,초등학교,무학초등학교,서울특별시 성동구 무학봉15길 21,서울특별시 성동구 하왕십리동 950-1,37.563202900000000,127.029645500000001,서울특별시 성동구,성동경찰서,Y,8.000000000000000,"5",2020/06/17,"3030000",서울특별시 성동구,2018-04-26,"97"
"2019","2019093022",야,월,"1","0","0","0","0",서울,금천구,차대사람,횡단중,횡단중,신호위반,단일로,기타단일로,승용차,보행자,946703.000000000000000,1940747.000000000000000,126.897313999999994,37.464397429999998,"17828",서울특별시 금천구,서울특별시 금천구 시흥대로94길 20,서울특별시 금천구 독산동 1060-31,다목적,"5",200.000000000000000,360도전방면,30.000000000000000,"201211",02-2627-1903,37.465060999999999,126.899090999999999,2020/02/20,"3170000",서울특별시 금천구,유치원,독산유치원,서울특별시 금천구 시흥대로 98길 45,서울특별시 금천구 독산동 1051-20,37.464341750000003,126.900287999999989,서울특별시 금천구청,금천경찰서,Y,1.000000000000000,6~8,2020/02/20,"3170000",서울특별시 금천구,"0","95"
"2019","2019072409",주,수,"1","1","0","1","0",서울,동대문구,차대차,추돌,추돌,안전운전 의무 불이행,단일로,교량위,이륜차,승용차,962157.000000000000000,1955875.000000000000000,127.071283699999995,37.601513650000001,"18215",서울특별시 중랑구청,서울특별시 중랑구 동일로123길 125,서울특별시 중랑구 중화2동 328-62,생활방범,"3",130.000000000000000,"0",30.000000000000000,"201208",02-2094-0284,37.600059870000003,127.073769099999993,2020/05/06,"3060000",서울특별시 중랑구,어린이집,세화어린이집,서울특별시 중랑구 동일로123길 125,서울특별시 중랑구 중화2동 328-62,37.599932590000002,127.073783000000006,서울특별시 중랑구청,중랑경찰서,Y,,,2020/03/04,"3060000",서울특별시 중랑구,"0","10"
"2019","2019091123",야,수,"1","0","0","0","0",서울,중랑구,차대사람,횡단중,횡단중,과속,단일로,기타단일로,승용차,보행자,963595.000000000000000,1955734.000000000000000,127.087581099999994,37.600300830000002,"18063",서울특별시 중랑구청,서울특별시 중랑구 상봉중앙로 60,서울특별시 중랑구 상봉1동 225-1,생활방범,"3",200.000000000000000,"0",30.000000000000000,"201912",02-2094-0284,37.602681830000002,127.087294400000019,2020/05/06,"3060000",서울특별시 중랑구,어린이집,상봉어린이집,서울특별시 중랑구 상봉중앙로6길 57,서울특별시 중랑구 상봉1동 287-1,37.602025939999997,127.090151200000008,서울특별시 중랑구청,중랑경찰서,Y,,,2020/03/04,"3060000",서울특별시 중랑구,"0","96"
"2019","2019072204",야,월,"1","0","0","0","0",서울,노원구,차대사람,차도통행중,차도통행중,과속,단일로,기타단일로,승용차,보행자,962829.400000000023283,1957778.000000000000000,127.078804300000002,37.618693290000003,"8037",서울특별시 중랑구청,서울특별시 중랑구 숙선옹주로3길 19,서울특별시 중랑구 묵1동 301-4,생활방범,"1",200.000000000000000,"0",30.000000000000000,"200903",02-2094-0284,37.615240880000002,127.079516400000017,2020/05/06,"3060000",서울특별시 중랑구,유치원,미림유치원,서울특별시 중랑구 공릉로 65,서울특별시 중랑구 묵1동 162-1,37.616460359999998,127.079322300000001,서울특별시 중랑구청,중랑경찰서,Y,,,2020/03/04,"3060000",서울특별시 중랑구,"0","9"
"2019","2019103009",주,수,"1","0","0","0","0",서울,중랑구,차대사람,횡단중,횡단중,안전운전 의무 불이행,교차로,교차로내,승합차,보행자,962858.000000000000000,1957313.000000000000000,127.079151899999999,37.614503290000002,"8037",서울특별시 중랑구청,서울특별시 중랑구 숙선옹주로3길 19,서울특별시 중랑구 묵1동 301-4,생활방범,"1",200.000000000000000,"0",30.000000000000000,"200903",02-2094-0284,37.615240880000002,127.079516400000017,2020/05/06,"3060000",서울특별시 중랑구,유치원,미림유치원,서울특별시 중랑구 공릉로 65,서울특별시 중랑구 묵1동 162-1,37.616460359999998,127.079322300000001,서울특별시 중랑구청,중랑경찰서,Y,,,2020/03/04,"3060000",서울특별시 중랑구,"0","9"
"2019","2019072903",야,월,"1","0","0","0","0",서울,용산구,차량단독,공작물충돌,공작물충돌,안전운전 의무 불이행,단일로,기타단일로,승용차,없음,951118.000000000000000,1948476.000000000000000,126.946723100000000,37.534304890000001,"4415",서울특별시 마포구청,서울특별시 마포구 삼개로 33,서울특별시 마포구 도화동 83,생활방범,"1",130.000000000000000,360도전방면,30.000000000000000,"201204",02-3153-8432,37.536640999999996,126.947753000000006,2019/06/25,"3130000",서울특별시 마포구,유치원,일민유치원,서울특벽시 용산구 효창원로 17,서울특별시 용산구 신천동 193,37.534861100000001,126.948616200000004,용산구청,용산경찰서,Y,,"15",2020/02/18,"3020000",서울특별시 용산구,"0","10"
"2019","2019092114",주,토,"1","3","3","0","0",서울,강동구,차대사람,기타,기타,기타,단일로,기타단일로,승용차,보행자,968700.000000000000000,1949504.000000000000000,127.145678799999999,37.544335369999999,"33721",서울특별시 강동구청,서울특별시 강동구 천중로51길 58 (길동),서울특별시 강동구 길동 331-1,생활방범,"1",130.000000000000000,360도전방면,30.000000000000000,"201309",02-3425-7090,37.543464659999998,127.144813499999998,2020/05/20,"3240000",서울특별시 강동구,유치원,반석유치원,서울특별시 강동구 양재대로124길 89-18,서울특별시 강동구 길동 79,37.542819919999999,127.147324900000001,서울특별시 강동구청,강동경찰서,Y,2.000000000000000,"8",2019/12/06,"3240000",서울특별시 강동구,"0","12"
"2019","2019060600",야,목,"1","0","0","0","0",서울,강동구,차대사람,기타,기타,안전운전 의무 불이행,단일로,기타단일로,승용차,보행자,967904.000000000000000,1949038.000000000000000,127.136688500000005,37.540107730000003,"33694",서울특별시 강동구청,서울특별시 강동구 천중로35가길 57 (천호동),서울특별시 강동구 천호동 52-43,생활방범,"3",200.000000000000000,360도전방면,30.000000000000000,"201309",02-3425-7090,37.541538240000001,127.140579200000019,2020/05/20,"3240000",서울특별시 강동구,초등학교,천동초등학교,서울특별시 강동구 성안로 200,서울특별시 강동구 길동 371-1,37.541015000000002,127.137827599999980,서울특별시 강동구청,강동경찰서,Y,5.000000000000000,"6",2019/12/06,"3240000",서울특별시 강동구,"0","95"
"2019","2019050515",주,일,"1","0","0","0","0",서울,강동구,차대차,추돌,추돌,기타,교차로,교차로내,승용차,자전거,967257.000000000000000,1948982.000000000000000,127.129367400000007,37.539580219999998,"42546",서울특별시 강동구청,서울특별시 강동구 진황도로 27다길 31 (천호동),서울특별시 강동구 천호동 192-17,생활방범,"3",200.000000000000000,360도전방면,30.000000000000000,"201801",02-3425-7090,37.540354700000002,127.131533300000001,2020/05/20,"3240000",서울특별시 강동구,유치원,천호유치원,서울특별시 강동구 구천면로 238,서울특별시 강동구 천호3동 397-74,37.541638299999995,127.130864299999999,서울특별시 강동구청,강동경찰서,Y,1.000000000000000,"15",2019/12/06,"3240000",서울특별시 강동구,"0","95"
"2019","2019092114",주,토,"1","3","3","0","0",서울,강동구,차대사람,기타,기타,기타,단일로,기타단일로,승용차,보행자,968700.000000000000000,1949504.000000000000000,127.145678799999999,37.544335369999999,"33716",서울특별시 강동구청,서울특별시 강동구 천중로49길 23 (길동),서울특별시 강동구 길동 337-6,생활방범,"1",200.000000000000000,360도전방면,30.000000000000000,"201606",02-3425-7090,37.542022709999998,127.142959599999983,2020/05/20,"3240000",서울특별시 강동구,어린이집,한양어린이집,서울특별시 강동구 양재대로122가길 31,서울특별시 강동구 길동 335-8,37.543545799999997,127.142814700000017,서울특별시 강동구청,강동경찰서,Y,1.000000000000000,"7",2019/12/06,"3240000",서울특별시 강동구,"0","7"
"2019","2019060600",야,목,"1","0","0","0","0",서울,강동구,차대사람,기타,기타,안전운전 의무 불이행,단일로,기타단일로,승용차,보행자,967904.000000000000000,1949038.000000000000000,127.136688500000005,37.540107730000003,"42548",서울특별시 강동구청,서울특별시 강동구 진황도로 29길 39 (천호동),서울특별시 강동구 천호동 167-35,생활방범,"3",200.000000000000000,360도전방면,30.000000000000000,"201801",02-3425-7090,37.539163830000000,127.133578799999995,2020/05/20,"3240000",서울특별시 강동구,어린이집,예은어린이집,서울특별시 강동구 성안로31마길 6,서울특별시 강동구 천호3동 186-7,37.540821500000000,127.133617900000004,서울특별시 강동구청,강동경찰서,Y,1.000000000000000,"4.5",2019/12/06,"3240000",서울특별시 강동구,"0","10"
"2019","2019050515",주,일,"1","0","0","0","0",서울,강동구,차대차,추돌,추돌,기타,교차로,교차로내,승용차,자전거,967257.000000000000000,1948982.000000000000000,127.129367400000007,37.539580219999998,"33640",서울특별시 강동구청,서울특별시 강동구 천호대로157길 26 (천호동),서울특별시 강동구 천호동 453-24,생활방범,"3",200.000000000000000,360도전방면,30.000000000000000,"201108",02-3425-7090,37.538856510000002,127.127517700000013,2020/05/20,"3240000",서울특별시 강동구,어린이집,강동복지관어린이집,서울특별시 강동구 진황도로23길 7,서울특별시 강동구 천호3동 555,37.540043830000002,127.129789200000005,서울특별시 강동구청,강동경찰서,Y,1.000000000000000,"6",2019/12/06,"3240000",서울특별시 강동구,"0","13"
"2019","2019061905",야,수,"1","0","0","0","0",서울,동대문구,차량단독,공작물충돌,공작물충돌,안전운전 의무 불이행,교차로,교차로부근,이륜차,없음,959731.000000000000000,1952641.000000000000000,127.043978600000003,37.572261769999997,"33627",서울특별시 성동구청,서울특별시 성동구 마장로35길 76,서울특별시 성동구 마장동 818,쓰레기단속,"1",200.000000000000000,하단부,30.000000000000000,"201712",02-2286-5879,37.570627000000002,127.042662999999990,2020/06/08,"3030000",서울특별시 성동구,초등학교,신답초교,서울특별시 동대문구 천호대로 177,서울특별시 동대문구 답십리동 463-13,37.572705419999998,127.042961500000004,서울특별시 동대문구청,동대문경찰서,Y,3.000000000000000,,2019/11/25,"3050000",서울특별시 동대문구,"0","95"
"2019","2019012504",야,금,"1","1","1","0","0",서울,도봉구,차량단독,기타,기타,안전운전 의무 불이행,단일로,기타단일로,이륜차,없음,960281.000000000000000,1965423.000000000000000,127.049511999999993,37.687492249999998,"15667",서울특별시 노원구청,서울특별시 노원구 누원로 16,서울특별시 노원구 상계동 1313-3,생활방범,"1",200.000000000000000,회전,30.000000000000000,"201709",02-2116-4917,37.686748200000004,127.051996900000006,2019/04/08,"3100000",서울특별시 노원구,초등학교,누원초등학교,서울특별시 도봉구 마들로 859-44,,37.686930400000001,127.049069400000008,도봉구청,도봉경찰서,Y,2.000000000000000,6~20,2019/09/05,"3090000",서울특별시 도봉구,2017-10-20,"96"
"2019","2019101207",주,토,"1","0","0","0","0",서울,성동구,차대차,추돌,추돌,기타,교차로,교차로부근,승용차,자전거,960397.000000000000000,1948641.000000000000000,127.051736399999996,37.536237440000001,"28813",서울특별시 성동구청,서울특별시 성동구 둘레11길 10-19,서울특별시 성동구 성수동2가 438-1,쓰레기단속,"1",200.000000000000000,하단부,30.000000000000000,"201712",02-2286-5879,37.536213000000004,127.052357000000001,2020/06/08,"3030000",서울특별시 성동구,어린이집,아이세계어린이집,서울특별시 광진구 동일로4가길 2 (자양동),서울특별시 광진구 자양4동 197-6,37.536087000000002,127.053440999999992,서울특별시청,광진경찰서,Y,2.000000000000000,,2019/02/20,"3040000",서울특별시 광진구,"0","8"
